, Angelo TICL36, OtherConceal TICL36, TICL36
Angelo TICL36, 0.5, 0.500305474977512, 0.609620276908289
OtherConceal TICL36, 0.499694525022489, 0.5, 0.609043058654841
TICL36, 0.390379723091711, 0.390956941345159, 0.5
