, ATICA36, ATICL36, Convoy
ATICA36, 0.5, 0.6806104552236849, 1
ATICL36, 0.31938954477631515, 0.5, 1
Convoy, 0, 0, 0.5
