, AllScreen, HeavyCA, LightCA
AllScreen, 0.5, 0.387859071673623, 0.327334640310205
HeavyCA, 0.598348041909423, 0.5, 0.294309587829447
LightCA, 0.651412503909317, 0.316844941644993, 0.5
