, AllScreen, HeavyCA, LightCA
AllScreen, 0.5, 0.556294098353134, 0.521336843456079
HeavyCA, 0.505249584799267, 0.5, 0.403294670931437
LightCA, 0.501228253813769, 0.660515915187683, 0.5
